fund_code,brinson_ar,brinson_sr,brinson_er,conc_cr5,turnover_rate
000979,0.55784045,0.39953476,0.95737521,0.75835002,2.7186247
001194,0.4112982,0.60093771,1.01223592,0.83917779,3.96377067
000411,0.6357883,0.42679085,1.06257915,0.91472905,7.04483617
001076,-0.00460496,0.13937614,0.13477125,0.70480624,3.54849007
000390,0.6436815,0.88730093,1.53098241,0.92852903,2.12088501
